id_utente,nome,cognome,email,contatto,demografia,et√†
1,Nicholas,Ramos,iperry@example.org,888-695-5414x729,Hallmouth,61
2,Troy,Gentry,timothy46@example.net,001-640-590-5279,Lisahaven,26
3,Theresa,Wilkerson,mendeztyler@example.net,001-560-341-2092x5614,Blackview,40
4,Lisa,Hill,gregory15@example.net,(440)504-0871,South Marissa,65
5,Brooke,Cantrell,hopkinsbrian@example.com,(417)970-6148,South Seanchester,24
6,Robert,Vance,bradleyhamilton@example.net,355-872-7654x56340,North Kim,64
7,Alexander,Johnson,tmooney@example.org,001-485-380-6848x312,Johnsonfort,66
8,Christopher,Daniel,frank73@example.com,880-394-7827,Jamieport,32
9,Keith,Reynolds,npeterson@example.net,920-498-7535,Hannahbury,37
10,Lindsay,Le,wcain@example.net,(752)827-6611x2132,South Scottside,24
11,Dennis,Allen,kellicoleman@example.com,845.696.9517x239,South Bettybury,52
12,Marie,Johnson,zschmidt@example.com,001-745-356-0647,West Jodiburgh,51
13,Raymond,Bernard,umartin@example.net,6562199889,North Travis,64
14,Angela,Fitzpatrick,billaustin@example.net,765.469.4665,Port Christian,56
15,Andrew,Byrd,oliviamoore@example.com,(332)811-0009x111,Gregorybury,53
16,Rebecca,Martinez,joseph28@example.com,+1-804-630-6393x68612,Donaldmouth,42
17,Sarah,Ward,juanbrewer@example.net,956.508.7487,North Stephenmouth,45
18,Krista,Carrillo,vazquezjennifer@example.com,438.717.6654,South Elizabeth,61
19,Kerri,Kelly,mgreen@example.org,(342)285-5901x96610,Martinbury,69
20,Taylor,Alvarez,brandon30@example.net,639.388.7493,Rebeccamouth,44
21,Ryan,Gomez,chapmanjames@example.com,708.814.7091x062,Port Janiceburgh,55
22,John,Robertson,williamwhite@example.org,324-666-2311,Lake Jeremy,77
23,Angela,Mendoza,qgraham@example.org,001-891-878-8990x650,Port Deanna,79
24,Shannon,Hall,kayla65@example.com,(989)293-9219x919,West Steve,40
25,Teresa,Russo,hillscott@example.org,+1-743-377-8397,Smithfurt,39
26,Sandra,Moyer,karen92@example.net,906-864-4211x410,Cortezmouth,38
27,Marie,Cooper,marshalljesse@example.org,(550)490-6769x0251,North Jessicaborough,57
28,Gabrielle,Ford,brianmcbride@example.com,287.891.6092,South Sharon,37
29,Teresa,Dorsey,matthewsjohn@example.net,801-818-2498,Rebeccaburgh,54
30,Timothy,Paul,patricksimmons@example.org,+1-728-634-6002x11667,Allisonbury,69
31,Tammy,Gardner,james79@example.com,(363)984-7021,West Jacobchester,49
32,John,Cook,garciakimberly@example.net,290-988-2058x38493,Josephberg,51
33,David,Patterson,imejia@example.net,+1-922-300-0167x45728,Hayneschester,59
34,Matthew,Patton,stephencoleman@example.com,+1-575-322-4765x74233,Lindsaystad,18
35,James,Anderson,kara51@example.com,2815033142,West Ashleyburgh,71
36,Julia,Schroeder,astephens@example.net,410.500.3349x29637,South Mitchellton,31
37,Molly,Figueroa,danielbaker@example.net,(625)689-3666x9401,Lake Krystalton,45
38,Amanda,Walton,morenocameron@example.net,920.996.1823,New Cynthia,19
39,Colleen,Martinez,wisesharon@example.org,+1-689-396-6892,Port Isaacmouth,47
40,Michael,Hull,mejiaaudrey@example.org,844-631-4887x6357,Lake Joseph,66
41,Jeffrey,Dorsey,griffithdavid@example.org,001-751-372-8528x63870,North Carolyn,50
42,Harry,Gomez,elizabethsellers@example.net,317-622-4026,East Catherineville,32
43,Sheila,Campos,mcgeemitchell@example.com,476.791.7711,Lake Linda,64
44,Nancy,Arnold,hendersonroger@example.net,363-940-3502,Contrerasfurt,51
45,James,Dixon,leejulie@example.org,+1-658-266-8728,East Lisaland,42
46,Wesley,Smith,oscar35@example.org,301-677-5679,Port Austinchester,73
47,Mary,Simon,emyers@example.com,(988)996-4254x14113,West Lisa,27
48,Jonathan,Small,francisco78@example.net,(500)845-7573x395,Lake Michael,66
49,Eugene,Baker,bettyturner@example.com,001-453-885-4490x5555,Seanburgh,61
50,Matthew,Bridges,ymedina@example.org,+1-740-488-5206x9738,South Emily,75
51,Jessica,Henderson,christinesmith@example.net,(460)344-4811,Steeleport,75
52,Ryan,Reed,phuffman@example.org,+1-330-823-8557x2322,Melissaside,49
53,Jennifer,Chung,michaelchapman@example.org,+1-592-553-9207x8834,Martinezmouth,61
54,Wendy,Baker,jenkinslisa@example.org,403-316-7683,Chrisfort,79
55,Misty,Henderson,jasonmiller@example.org,614.211.4833x788,South Patricia,77
56,Theresa,Nichols,michellewillis@example.net,245.400.3642x2938,East Gloriafurt,27
57,Victoria,Mcdonald,joshuagentry@example.org,385-982-5625,North Georgebury,29
58,John,Cummings,meganmunoz@example.com,381.220.5561x0665,Paulmouth,79
59,Linda,Stephens,swelch@example.com,695.203.9339x172,New Lisaton,75
60,Jennifer,Ibarra,taylorturner@example.com,974.324.5426x6646,Wilkinsonmouth,37
61,Meghan,Woodard,leonardrivers@example.org,740.565.2661x24337,Jonathanchester,37
62,Alan,Campbell,austinpaula@example.com,(859)915-9220x693,Port Wayne,64
63,Robert,Wagner,jross@example.com,499.367.3988x61521,Lake Tylerberg,52
64,Elizabeth,Howard,lynn99@example.com,566-309-7112x727,Andrewfort,29
65,Michelle,Skinner,nbrown@example.com,(710)744-0099x6960,Lake Megan,36
66,Sean,Holloway,shawnglover@example.net,001-295-298-1366x6188,Port Raymond,78
67,Michael,Frazier,jenniferrodriguez@example.org,642-685-4259x27046,Jessicatown,58
68,Lisa,Rush,ienglish@example.com,553.382.2042x323,Lake Nicholas,77
69,Laura,Soto,elijahwashington@example.org,001-943-745-0339x094,West Andrew,73
70,Elizabeth,Davis,ireynolds@example.com,001-259-938-2007x06797,Palmertown,35
71,Carly,Turner,marcliu@example.com,802.757.7036,Benjaminville,46
72,Rebecca,Davidson,johnsonbrooke@example.com,851-761-0853x5394,West Davidland,65
73,Katie,Nichols,brodriguez@example.org,624.535.1812x328,East Jonathan,75
74,Jessica,May,daniel38@example.org,+1-564-601-6537x38168,Port Josefurt,53
75,Charles,Shelton,achavez@example.org,001-561-851-4864x830,Lake Fredmouth,33
76,Mary,Cunningham,pattersonjohn@example.org,834-483-6894x1667,New Samanthaton,67
77,Joseph,Snyder,amanda55@example.net,791.387.4350,West Joseph,29
78,Catherine,Dawson,courtney08@example.net,+1-623-628-0347,North Feliciashire,44
79,Edward,Garcia,collieryolanda@example.org,827-214-1012x6168,South Larry,50
80,Melissa,Gomez,wraymond@example.org,4058099718,Taylorhaven,18
81,Erin,Abbott,rmartinez@example.net,459.628.1586x859,Marychester,41
82,Danielle,Jones,nowens@example.org,319.225.0772x57083,Swansonmouth,52
83,Matthew,Huffman,xanderson@example.net,001-201-321-4404x8793,Barryview,79
84,Katelyn,Davis,hendersonmelissa@example.org,+1-316-867-7809,Robertatown,41
85,Amy,Conway,kimmark@example.org,523-762-6704,Lake Jason,60
86,Andre,Nguyen,johnparrish@example.com,+1-474-299-9742x0555,North Dominiqueborough,26
87,Nicholas,Mitchell,philipchapman@example.org,(206)998-2737x5339,East Jamieborough,75
88,Penny,Garza,sandra36@example.com,255-266-1581,Bobbyborough,66
89,Harold,Ferguson,mwalls@example.net,001-554-806-9709x747,West Sethchester,21
90,Kelly,Hamilton,joseph21@example.com,001-305-470-9665x5903,South Kelseyberg,66
91,Robert,Porter,andersonjoseph@example.net,(375)395-3030x7554,Amberchester,20
92,Brianna,Hernandez,ashleyperkins@example.net,001-844-449-7664x99924,New Mark,65
93,Julie,Johnson,brewerevan@example.org,(586)530-4204,Leeport,75
94,Mark,Silva,bpeterson@example.org,+1-458-964-6071x26432,North Lisa,37
95,Nicole,King,ballen@example.net,(444)325-8517x55349,Taraburgh,80
96,Brian,Taylor,jonathansmith@example.net,(557)565-3158x954,New Lisa,56
97,Susan,Taylor,emilypeterson@example.org,(432)746-9793x41240,East Ethanfurt,20
98,Matthew,Gardner,melissasmith@example.com,(756)985-9844x813,New Maryville,26
99,Michael,Schwartz,mvance@example.com,001-490-245-7689x650,Wallaceburgh,68
100,Kevin,Jones,zkennedy@example.net,6437341111,Port Stacie,65
101,Paul,Sullivan,hansenlisa@example.net,215-295-2010,North Anthony,39
102,Sharon,Doyle,howellmatthew@example.com,995-548-6268x526,New Kimborough,52
103,Thomas,Parker,ashley85@example.org,681-516-5609x26577,Millerport,68
104,Deborah,Mcdowell,wardpamela@example.org,2036294267,West Andrew,76
105,Karen,Brown,daniel42@example.com,683.412.2124,South Kaitlinfurt,62
106,Christopher,Mclean,michaeldavila@example.org,873-893-6504,Lake Kathrynmouth,77
107,Shane,Collins,ivanevans@example.org,601-689-5222x84882,East Tamaraburgh,29
108,Robert,Guerra,stacywilliams@example.com,640.737.1424,West Josestad,47
109,Michael,Liu,lcruz@example.org,001-232-366-9165x142,Gonzalezberg,39
110,Joseph,Johnson,katrinaboyd@example.net,599.734.9450x54831,Huffland,71
111,Richard,Johnson,eyang@example.org,414-436-4406,West Cassidy,64
112,Lisa,Reed,amandareyes@example.net,(948)410-5454x198,Juliafurt,80
113,Gail,Schmidt,alvarezalicia@example.net,718.669.8592x6416,South Melissa,72
114,Carl,Clark,robert38@example.com,(336)814-4216x011,South Josephmouth,74
115,Kelsey,Thomas,lgarrett@example.org,+1-554-805-5906x140,Lyonsbury,50
116,Jason,Fitzgerald,brandyschaefer@example.com,+1-977-610-3044x66736,Sanchezhaven,28
117,Kelsey,Fisher,edwardsrobert@example.net,597.759.3666,East Ronald,76
118,Ronald,Thomas,petermyers@example.com,(800)797-6092x8656,West Sherryborough,53
119,Crystal,Sexton,wreilly@example.net,778-565-9990x380,Wilkinschester,46
120,Samuel,White,hayesjerome@example.com,735.460.6421,Laneshire,76
121,Andrew,Guerrero,stevenpatel@example.com,(404)582-6554,New Susan,43
122,Maria,Baker,kennedyrobin@example.net,001-855-274-2011,Longfort,26
123,James,Sweeney,eric71@example.org,481-746-5176,Kimside,48
124,Timothy,Knight,careypatrick@example.com,911-698-8566,Kellyhaven,71
125,Andrea,Houston,rharvey@example.com,933-861-4463,Rodriguezland,47
126,Eric,Esparza,hannah50@example.net,001-407-319-6398x429,Port Joshuahaven,31
127,Catherine,Riggs,ehughes@example.com,535.474.1599,Jamesville,66
128,Elizabeth,Nguyen,perkinsbrandon@example.com,915-218-0657x81240,North Holly,43
129,Angela,Barry,williamsonwilliam@example.net,(608)407-7294,Josephbury,71
130,Julia,Griffin,mortonaustin@example.com,371-644-0827,West Kimberlyfort,42
131,Bradley,Hall,woodsteresa@example.com,(901)471-4758x952,New Zachary,29
132,Darryl,Powell,yolanda02@example.org,(899)736-9259x836,Changland,40
133,Karen,Pena,sextonsamantha@example.org,(765)826-0347x34195,New Samanthaview,47
134,Angela,Berger,terrimyers@example.org,(424)445-9955x5811,Port Kayleemouth,61
135,Charlotte,Fuller,justincastillo@example.net,704-967-7996,New Joseph,25
136,Ashley,Wood,renee74@example.com,903.304.0935,Danielsshire,76
137,Victoria,Allen,triggs@example.com,497.667.2652x71642,Suttonland,63
138,Ryan,Rios,chasejoseph@example.net,+1-274-839-1037,New Mariamouth,39
139,Kelly,Douglas,javiersoto@example.com,+1-608-578-7438x487,Port Thomasburgh,50
140,Steven,Hansen,whitebilly@example.org,2922225928,New Richard,18
141,Drew,Maxwell,gomezanthony@example.com,422.794.2617,Cameronville,57
142,Amy,Brady,burtonbrianna@example.com,(317)783-6095,Markfort,31
143,Joshua,Larson,tatejames@example.org,(201)842-7938,Reedport,60
144,Adrian,Barker,aallison@example.net,+1-485-552-8464x8610,Kaitlynville,36
145,Jay,Lane,westbrent@example.com,001-880-800-1758x3459,West Amberstad,50
146,Jonathan,Mendez,shannoncarpenter@example.net,847-436-1297x12877,East Johnshire,70
147,Andrea,Perez,ypeters@example.net,8735808096,Lake Rhondaside,37
148,Anthony,Smith,xdiaz@example.net,419.676.8446,Brauntown,68
149,Annette,Hendrix,charleswilliams@example.net,+1-782-591-6712,South Margaretshire,68
150,Melissa,Baldwin,alexander56@example.com,4217721293,Rebeccaside,69
151,Willie,Stevenson,johnsonsteven@example.com,933.917.2074x41324,Williamview,70
152,Megan,Smith,elizabeth06@example.net,6539717457,Frymouth,47
153,Dale,Rios,lowecurtis@example.com,001-618-333-3039x4340,New Dennishaven,59
154,Jane,Hernandez,zmartin@example.com,+1-832-770-6206,Ericaport,34
155,Laura,Watkins,john63@example.com,753-941-3292x954,Williamsstad,40
156,Melissa,Rodriguez,lbarnett@example.net,+1-788-777-3439x663,North Raven,29
157,Jeffrey,Gonzalez,jessehood@example.org,+1-466-224-5615x2747,Baileyview,37
158,Arthur,Velasquez,amanda07@example.com,001-543-866-9490x39731,Richardburgh,20
159,Paul,Olson,laurensanchez@example.com,+1-623-705-4517x5425,Port Vincent,27
160,Samuel,Miller,brianswanson@example.net,(716)793-9308,Lake Ashley,59
161,Timothy,Tyler,annachase@example.com,612.499.4159x71045,Ernestside,25
162,Allen,Skinner,joannewoods@example.net,(822)425-6042x96931,East Ethan,34
163,Melissa,Nicholson,silvachristopher@example.org,(204)321-6031x2739,Nicholasmouth,80
164,Kurt,Prince,omitchell@example.com,001-286-941-1352x58761,East Michael,28
165,Sarah,Perkins,leah85@example.com,(294)409-9179,Lake Erikport,28
166,Roberto,Carlson,kristenhunter@example.net,315-611-1120x321,Wendyland,79
167,Scott,Juarez,pandrews@example.org,930-725-6619x557,North Heathertown,74
168,John,Davis,amber39@example.com,(306)470-1021,East Michelemouth,47
169,Kenneth,Wilson,mejiarobert@example.com,910-657-4961,South Billy,74
170,Maria,Charles,ugonzalez@example.com,862-534-2631,Ethanmouth,54
171,Ann,Hubbard,kimberlysmith@example.net,+1-883-943-5459x117,East Jonathan,29
172,Aaron,Guerrero,geraldhenry@example.net,+1-878-663-7282,Stevenborough,62
173,Clinton,Robinson,bellemily@example.com,210-787-2912x591,East Jennifer,64
174,Gail,Garcia,jacobsantos@example.net,(418)974-7796x116,Sheltontown,51
175,Shane,Lee,stephaniebrewer@example.net,861-240-0524x043,Kristinabury,61
176,Ronnie,Mejia,chelsea53@example.org,(364)991-3539,Port Steven,53
177,David,Brown,nsmith@example.org,+1-213-350-3883x72100,Lake Angela,69
178,Alexandria,Garrett,hjackson@example.org,919-867-8779,Barrettborough,72
179,Hannah,Lynch,jacobroy@example.com,990-547-5870x62477,Natalieburgh,40
180,Victoria,Huynh,millsroberto@example.net,611.500.6799,Robertsonburgh,46
181,Karen,Walker,tanner58@example.net,+1-366-342-7512x45358,New Timothy,53
182,Stacy,Cooper,sarahmercado@example.net,230-733-8411x674,New Emily,30
183,Alyssa,Soto,martinbenjamin@example.com,465.810.0173x0710,Campbellberg,21
184,Alison,Perez,gkey@example.com,683.606.3686x07584,Vincentmouth,64
185,Daryl,Villegas,terrirussell@example.net,+1-229-789-6785x9214,South Kathy,25
186,Michelle,Ward,owenlaurie@example.com,(673)528-1199x065,Hunterland,65
187,Michelle,Martin,iflores@example.org,858.445.8859x960,North Angelahaven,18
188,Alyssa,Torres,ygraves@example.net,+1-655-893-5559x41760,West Mariemouth,78
189,Joseph,Nolan,amandajohnson@example.com,001-240-557-4497x70631,Port Michael,54
190,Lisa,Welch,daniellewade@example.org,562-552-3829,New Jennifer,41
191,Carlos,Newton,taylorjohn@example.org,(246)854-1908x1767,Flowersberg,56
192,Deborah,Alexander,bellpaula@example.net,808-212-3103x78730,South Laura,70
193,Robert,Lee,marycontreras@example.org,930.302.7288x0528,Robertside,80
194,Trevor,Long,joanneortega@example.com,294-778-3608,South Kimberlyhaven,37
195,Eric,Mclean,bwilcox@example.com,819-487-3407,Wallacemouth,72
196,Wendy,Webb,woodjessica@example.org,001-626-678-8022x08931,Osbornberg,64
197,Elizabeth,Hill,malonemarcus@example.net,707-515-9729x52585,Derekfort,22
198,Gary,Ferguson,zacharymarsh@example.org,+1-774-327-0937x754,West Tim,53
199,Vincent,Fisher,yknight@example.org,(705)755-7227,Gravesview,65
200,Jeffrey,Moore,npalmer@example.org,850-642-3546,South Jason,76
201,Jerry,Merritt,pmartin@example.org,391.649.4795x05493,Georgehaven,49
202,Jack,Barron,pkeller@example.net,(792)565-1376x0305,Jamesport,79
203,Jason,Schultz,ericrowland@example.net,(367)350-8728x930,Garnerland,36
204,Christine,Perez,williamsalicia@example.org,(872)907-1567x696,Lake Kellyberg,22
205,Alex,Roberts,nicholasochoa@example.org,(991)536-8172x300,Sonyaborough,66
206,Scott,Keller,brianfigueroa@example.com,(686)580-0231x6638,Welchfurt,31
207,Wendy,George,sharoncampbell@example.com,671-794-2030,Lopezshire,75
208,Brian,Wilson,williamsmatthew@example.net,6315214444,Kimberlyland,67
209,Bonnie,Mclean,mbryan@example.org,(200)887-8218x9162,South Timothy,65
210,Michael,Mack,arnoldlisa@example.com,(230)763-1123x9867,Tonyaborough,49
211,Jeffrey,Walker,jill30@example.com,654-690-2242x30616,Michaelview,21
212,Samantha,Jones,jennadawson@example.com,001-993-697-9421x936,Lindseymouth,38
213,Robert,Wilson,beasleyjoseph@example.org,(892)663-0866,Justinberg,62
214,Michael,Woods,josephwright@example.com,500-838-9338x3865,Robertchester,51
215,Richard,Lutz,nguyengabriella@example.org,991.652.2651x05861,Zacharyport,71
216,Diana,Terry,amypage@example.net,(488)466-0686,South Jacobfort,32
217,Rachel,Bowers,elizabeth64@example.org,489-280-9067x4894,Lake Felicia,21
218,Amanda,Hart,cameronmills@example.org,(319)372-7426,Lake Kurtfort,44
219,Raymond,Morales,ymoran@example.org,330.440.4710,Stephensbury,35
220,Ronnie,Woodard,danielslinda@example.com,619.502.1534x480,New Adrian,29
221,Samuel,Bryant,stevenroy@example.org,590.389.4348x973,Rebeccabury,50
222,Shawn,Gordon,cwilliams@example.net,(352)781-2303x092,Meyerstad,24
223,Kimberly,Bush,tanyahoward@example.net,001-732-740-7995x81853,New Vanessaview,79
224,Joseph,Hanson,andrewwalton@example.org,400-531-6096x6860,East Laura,40
225,Thomas,Kelley,jamesbridges@example.org,(398)493-9139,West Jacob,64
226,Kenneth,Romero,gregorycollins@example.net,751-639-1997x5410,Rachelland,30
227,Steven,Hernandez,georgeangelica@example.com,218.675.0515x36077,Spencerland,70
228,Jennifer,Salinas,brooke53@example.org,3693324245,Lake Erichaven,23
229,Cynthia,Randall,william97@example.net,392-510-4369,Grahammouth,35
230,Alice,Cruz,ramosdouglas@example.net,4418535244,West Jesse,77
231,Jade,Robertson,norman92@example.net,+1-856-728-7425x6914,New Alexandershire,19
232,Michael,Fleming,lauren60@example.com,(563)653-4906x651,North Shawnmouth,59
233,Kimberly,Daniels,lovebenjamin@example.net,(611)463-0682x0762,Keybury,56
234,Rebecca,Marshall,xbrown@example.net,+1-786-909-9417x357,New Emily,29
235,Dennis,Greer,edwardknox@example.net,001-807-739-7178,Ashleyland,80
236,William,Friedman,sandra07@example.net,431-801-3661x313,Victoriaton,39
237,William,Holder,zachary84@example.net,(402)880-1017,North Williamhaven,27
238,Jeremy,Koch,hwright@example.net,(374)490-2076,Costastad,40
239,Ross,Austin,lmarquez@example.org,6195031579,East Bryanside,75
240,Samuel,Andrews,jonathanyates@example.net,(289)513-8948x6594,New Jenniferbury,29
241,Martha,Lopez,johnsonjesse@example.net,499.628.9832x416,Hamiltonland,42
242,Samantha,Cortez,pwatkins@example.com,+1-734-390-9208x2509,South Deborahton,58
243,Jennifer,Hawkins,ovaughn@example.net,+1-975-922-2565,Brandonberg,28
244,Nancy,Gonzalez,zcampbell@example.org,(492)442-0157x937,Barronside,46
245,David,Watkins,michaeljohnson@example.org,(299)508-4027,Dillonburgh,65
246,Jeffrey,Cervantes,hunterangela@example.net,204.825.7230,Hannahview,75
247,Selena,Roman,dwilson@example.org,279.384.5723x3972,Glenntown,50
248,Angel,Becker,emilymiller@example.com,933.318.2958,Port Shirleyfort,50
249,Dustin,Delgado,colechristina@example.org,721.568.2703x300,West Meganton,67
250,Patrick,Williams,stephenreyes@example.org,497.614.8998x0530,South Erin,48
251,James,Smith,danielcooke@example.com,001-806-413-5005x2701,North Bryan,60
252,Denise,Myers,huberjuan@example.com,243.609.2506x71634,South Aaronburgh,66
253,Bruce,Myers,garyclark@example.net,647.966.9278x54370,East Robertview,34
254,Gregory,Gallegos,evanproctor@example.com,001-370-233-0749,Contrerasborough,70
255,Stephen,Howe,phamrichard@example.org,347-420-3341x8584,Hallton,54
256,Blake,Willis,williamsanchez@example.net,(215)355-0970,Matthewbury,29
257,Gary,Lewis,chavezdana@example.net,001-640-265-3212,Whiteport,76
258,Matthew,Conrad,martin49@example.org,750-580-0936x351,South Casey,44
259,Erica,Walker,daviddavis@example.org,+1-734-300-8909,Port Heatherfurt,43
260,Lindsey,Blackwell,andre38@example.net,742.758.5411x5651,Maryside,78
261,Eric,Blevins,shane66@example.com,627.276.2179x658,Phillipfurt,65
262,Emily,Anderson,hintondawn@example.net,859.611.2947x45962,Berryshire,63
263,David,Shelton,vgriffith@example.com,001-994-305-2779x77943,North Michele,80
264,Wanda,Scott,phillipsjessica@example.net,489-574-6619,West Williammouth,40
265,Stephen,Griffin,mjoseph@example.org,001-843-292-5700x62500,South Benjaminmouth,25
266,James,Schwartz,elizabeth88@example.com,676-205-4345,Matthewfurt,44
267,Eric,Carter,kim17@example.net,001-361-469-0720,Jessicaborough,72
268,Sheena,Figueroa,vjones@example.com,440-390-5186x67972,Jessicaton,38
269,Cheryl,Johnson,amy40@example.com,7604633842,Amandaland,51
270,Erin,Peterson,michael17@example.net,309-766-1207x814,South Juliafort,52
271,Margaret,Riley,andrew14@example.org,(374)273-5473x988,Deborahland,73
272,Christina,Crawford,yschmidt@example.com,366-289-4271x50366,East Jennifer,79
273,Hannah,Chavez,kprince@example.org,777-660-8085x498,East Davidport,65
274,Cindy,Buchanan,lopezchristopher@example.org,592.852.6532x7596,Port Harold,18
275,Tara,Downs,rschmitt@example.com,(313)206-9332,Patelside,49
276,Brandon,Garcia,xleonard@example.com,+1-340-247-0073x907,New Danielle,30
277,Lisa,Knight,josephjason@example.net,+1-610-364-0006x69880,Harperton,80
278,Jennifer,Khan,robertbaker@example.net,(928)899-1829,North Jennifer,39
279,Justin,Martin,foxjoshua@example.org,2057306770,Lake Peterfurt,55
280,Tiffany,Brown,laura83@example.net,+1-688-754-5346x665,Carrollstad,31
281,Kelly,Dennis,twilliams@example.net,717-974-2073,Hardyton,70
282,Kenneth,Medina,gwilliams@example.com,678-520-1686,Patrickshire,40
283,Elizabeth,Johnson,steven36@example.com,(598)459-8836x494,Danielside,70
284,Jerome,Howard,vanessa36@example.net,777-484-3040x64135,Dennishaven,66
285,Joshua,Hill,smccormick@example.org,776.316.5259x44722,North Scottberg,80
286,Jeffrey,Barnett,jennifer45@example.com,(634)360-1952x6141,Paigeborough,61
287,Jeffrey,Cox,knguyen@example.com,9904186016,East Richardmouth,21
288,Kathy,Edwards,rodriguezkathleen@example.org,505.216.4910x4962,Yolandaville,21
289,Charles,Smith,kimberly39@example.org,(852)784-8096x07785,North William,30
290,Daniel,Fleming,millerbradley@example.org,229.429.1198x043,Moralesfort,26
291,Brian,Arroyo,megan28@example.net,217-528-9068x4967,Lake Taylor,32
292,James,Lopez,kristina29@example.com,774.258.4188x2200,North Alan,56
293,Wanda,Blackwell,erikhernandez@example.net,519-439-6402,Saraberg,70
294,Lisa,Gonzalez,davidcarson@example.org,250.525.3116,Wardstad,58
295,Randall,Kelly,fjones@example.org,956.728.1436,North Sheila,48
296,John,Vargas,keith03@example.net,(536)770-3850x2797,South Jennifershire,59
297,Natalie,Roberts,sarah82@example.org,001-933-479-9042x440,West Sharonfort,71
298,Cindy,Branch,ljohnson@example.net,629-263-2026,North Shannontown,80
299,David,Torres,matthewchapman@example.org,987.326.7410,South Ivan,58
300,Alexander,Hall,salazarbradley@example.net,591.843.3792,New Jaredport,78
301,Lisa,Burnett,sharpjuan@example.net,854.640.7237x08673,Williamsonberg,71
302,Natalie,Reyes,josemassey@example.org,325.704.3562x992,Hullview,42
303,Michelle,Gonzalez,wstone@example.org,001-364-829-4275x68773,Port Robertofort,42
304,Christine,Pierce,thomas17@example.org,2063180876,Amandahaven,65
305,Crystal,Long,mark16@example.org,001-340-509-1555x175,Pachecoville,36
306,Larry,Smith,dburke@example.org,+1-526-831-8858x2208,Fernandeztown,77
307,Melanie,Berg,rachael80@example.net,553.556.7172,West Michaelshire,44
308,Sarah,Chavez,olivertyler@example.org,552.482.8538x181,Hendersonstad,34
309,Joseph,Carlson,fowlermartin@example.net,001-663-806-8480x453,Jenkinshaven,65
310,Ashley,Bradley,efarley@example.net,(651)236-8835,Lake Crystal,59
311,Nathaniel,Snyder,froy@example.org,661.955.8825,East Tinaton,74
312,Alex,Edwards,mary69@example.com,001-914-959-0205x1083,Shafferville,57
313,James,Romero,bpeters@example.org,(307)684-8126x187,Mollyport,31
314,Michael,Diaz,nblack@example.org,9195913937,New Victoriachester,44
315,Matthew,Carter,jenniferrosales@example.net,+1-901-581-6656x738,Newmanhaven,45
316,Monica,Daugherty,stanleykelsey@example.com,(464)825-4034,New Susanfurt,36
317,Matthew,Shaw,mhess@example.org,813-806-1821x600,Port Ericshire,28
318,Jose,Hayes,jordanjessica@example.com,(892)771-1434,West Tiffanymouth,50
319,Cheryl,Walker,vchavez@example.org,967-698-8865x882,Cervantesside,26
320,Andrew,Green,tmcgee@example.org,001-895-687-0036,Holmesfort,71
321,Thomas,Moss,erica00@example.com,001-757-265-9844x15640,Susanview,74
322,Andrew,Boone,melaniemiller@example.net,+1-723-532-4805,West Toni,28
323,Melinda,Jackson,sextonwalter@example.net,284.894.1034,Heatherchester,18
324,Jeremy,Burke,brucebaird@example.org,(291)662-4423,Santanaborough,78
325,Daniel,Reed,heather66@example.org,681.497.0404x623,South Robertbury,52
326,Thomas,Rivera,fisherrichard@example.org,533.934.6874x58099,Allenmouth,58
327,Christopher,Tyler,kcooper@example.net,228.469.2998,Thomasport,23
328,Benjamin,Mayer,danielmills@example.net,858-348-6204x6107,Matthewfort,69
329,Shane,Young,john95@example.org,+1-900-346-3409x875,Aaronview,30
330,Jennifer,Knight,schneidernicole@example.org,(944)927-8908x74998,South Howardburgh,24
331,Thomas,Murphy,tonyaallen@example.org,(952)574-9259x4383,Jonesport,25
332,Erik,Waters,phillipstony@example.org,970.514.4098,New Taylorhaven,29
333,Stephen,Duke,richard70@example.org,+1-563-578-5022,Lake Jeremyhaven,38
334,Megan,Gonzales,nancyholden@example.net,8288995018,South Sheristad,29
335,Deborah,Mills,tiffany62@example.org,001-235-563-1418x9758,Phillipmouth,53
336,Adam,Ferguson,ryan22@example.org,415-881-3523,Patriciabury,21
337,Bruce,Horn,lori69@example.org,2713236512,Brandonhaven,29
338,Christopher,Evans,angela09@example.net,504-989-9090x82555,Douglasburgh,38
339,Christina,Hammond,karenhanson@example.org,557-964-7621x155,Lake Kathleen,43
340,Jennifer,Navarro,justingray@example.net,525-762-5075x884,Port Maurice,69
341,Nicholas,Ward,butlerdestiny@example.net,(447)745-9228,New Markborough,32
342,Teresa,Myers,ysmith@example.com,676.537.5564x721,New Michael,28
343,Christopher,Davis,matthew20@example.org,839-844-9266x80900,South Luisland,23
344,Abigail,Serrano,antonio39@example.com,+1-946-993-3632,Jaredburgh,20
345,Lisa,Gomez,williamhall@example.net,287-278-1303,North Sherryshire,49
346,Jamie,Wright,margaretlong@example.org,582-513-5837x7598,West Crystal,27
347,David,Evans,kenneth49@example.org,397-434-3651x885,West Gailborough,56
348,Cathy,Gould,ramirezjennifer@example.net,3338153998,Lake Jennifertown,73
349,Kyle,Jones,jacksonjames@example.org,658-784-9280x9271,Markchester,54
350,Jennifer,Gutierrez,davisandrea@example.com,695-633-7502,South Justinland,29
351,Victoria,Johnson,angelparker@example.org,001-838-435-7012,North Joshua,21
352,Cody,Key,adkinsgary@example.com,001-357-674-2394x802,New Dawnberg,75
353,Peter,Salazar,speters@example.net,(572)819-0803x39059,Port Jenniferfurt,55
354,Amy,Thornton,dianejackson@example.org,001-458-872-3220,Jeffville,73
355,Victoria,Rice,dreyes@example.com,+1-618-820-5053,Paulfort,69
356,Douglas,Dalton,ppatton@example.org,+1-288-431-0346x4543,Lake Christophertown,29
357,Jessica,Harris,annawilson@example.org,001-245-243-3534x43054,Lake Timothy,49
358,Amanda,Smith,igarcia@example.com,491-615-5429x33910,Cochranport,55
359,Robert,Day,kdixon@example.org,+1-788-316-7169,Mcmillanport,61
360,Jose,Harris,angelaphillips@example.org,+1-233-442-3872,New Harryland,52
361,Kiara,Huerta,zsmith@example.com,320.602.0866,North Samantha,19
362,Dominic,Ryan,mariepowell@example.org,346-617-2667,New Nicole,35
363,Brian,Davis,haleyscott@example.net,281-886-8900x820,Christopherstad,44
364,Hayden,Flowers,jenniferhughes@example.com,777.710.2630x0786,Port Danielland,27
365,Mary,Rose,hullrandy@example.com,001-907-865-6373x2332,Taylorland,26
366,Isaac,Cooper,james48@example.net,(710)726-9655x08677,Arnoldberg,35
367,Michelle,Gardner,rileyrogers@example.net,983-553-9329x9531,Thomasland,67
368,Jennifer,Garcia,charlesking@example.org,001-884-363-1963,Sharonborough,79
369,Amy,Trujillo,andreayoung@example.org,669-332-0530,North Karina,74
370,Theresa,Cardenas,fergusonzachary@example.com,001-834-747-5227x9191,West Teresa,67
371,Andrea,Thomas,cowanpatricia@example.net,001-962-747-5833x9517,Fischerburgh,33
372,James,Smith,jenniferfrazier@example.net,(849)654-9839x49238,Grayborough,39
373,Elizabeth,Moore,christopher78@example.org,5112614549,South Seantown,64
374,Emily,Baker,vschwartz@example.com,792-790-6704x16899,Paulton,78
375,Ian,Flynn,tinawright@example.org,001-627-745-4881,Bryantburgh,20
376,Keith,Brown,alexandria19@example.net,001-207-448-2018x164,Port Annette,73
377,Corey,Hoover,eddielarson@example.org,001-928-605-4010x01499,North Dana,57
378,Susan,Davis,robertramos@example.org,+1-660-235-9494x67085,East Paulaton,78
379,Mark,Watson,twright@example.net,803-255-1853x767,North Tiffanyfurt,71
380,Brett,Browning,smedina@example.com,+1-251-850-1499x66902,Stephenton,50
381,George,Mason,jamesruben@example.net,001-859-532-8309,Munozside,69
382,Eric,Moore,bishopdominique@example.net,630.896.6640,West John,19
383,Katherine,Waters,oquinn@example.net,+1-929-622-8403x564,Lopezport,49
384,Heidi,White,josephwoods@example.org,743-856-9742x974,Raymondfort,44
385,Karen,Jackson,john75@example.net,(478)849-9206,New Elizabeth,65
386,Misty,Garcia,grahamkayla@example.com,544.952.5843x57493,North Jennifer,80
387,Sean,Roy,larryvasquez@example.com,(646)806-5346x561,Claytonview,52
388,Thomas,Brown,wmorris@example.net,7718774462,Davidside,37
389,Ashlee,Brown,dking@example.com,001-482-392-8767x91124,Jacobville,66
390,John,Foster,jennifer80@example.com,001-977-291-3375x35369,Matthewmouth,74
391,Terri,Crawford,rebeccawhite@example.com,449.423.8841,Riceburgh,41
392,Julia,David,taylorsullivan@example.net,444-421-4385x81233,West Robertbury,80
393,Deborah,Johnson,robertkidd@example.net,959-296-7444,Lake Allison,58
394,Matthew,Sanchez,gregory35@example.net,934.906.6985x97199,Floresmouth,28
395,Katherine,Morris,ivelazquez@example.org,(977)433-9855,Lake Thomasborough,34
396,Kelly,Rose,stevenbrown@example.net,6749629270,Lake Danashire,67
397,Adam,Reyes,timothysmith@example.com,733.543.6202x3455,Williamsonview,80
398,Michael,Barber,alvaradokristen@example.org,922-986-2500,New Amandafort,19
399,Susan,Bailey,emily65@example.com,265-669-4300x150,West Richard,61
400,Patrick,Pena,gibbsjay@example.net,(680)436-0759,West Danielville,71
401,Elizabeth,Rodriguez,natashalopez@example.org,+1-630-233-7688x090,South Jon,74
402,Heather,Ruiz,stephen96@example.org,(547)310-7170x130,Port Deborahchester,67
403,Fred,Murphy,jleonard@example.org,649-894-9664x54099,Josephhaven,26
404,Eric,Mcdaniel,paula15@example.org,(721)742-1514x07100,Jacobsonton,73
405,Nancy,Quinn,etorres@example.com,586.926.1150,Stevensshire,31
406,Joseph,Collins,shelley57@example.org,6799110582,Hernandezchester,47
407,Ricardo,Porter,robert23@example.org,450-262-3065,Theresaport,19
408,Thomas,Martinez,zachary78@example.net,406.567.1940x4801,Dixonview,56
409,Dennis,Kelly,erika64@example.com,552.384.4148,Thompsonton,37
410,Jorge,Berry,rachelhansen@example.org,979-431-1440x263,Lake Pamelaborough,51
411,Shawn,Wilson,heather36@example.com,794.975.2148x30486,Wallsburgh,30
412,Luis,West,codymoss@example.net,001-330-254-4097x6177,Petersonburgh,27
413,Anita,Ryan,fcox@example.net,220.225.7007,Sarahside,31
414,William,Hensley,daniel25@example.org,(511)221-8509x2594,Herreraland,73
415,Joanna,Weber,mooreruben@example.net,+1-701-649-9295x2983,Jessicamouth,18
416,Jeffrey,Camacho,corey77@example.org,690-247-1848,East Timothy,75
417,Katie,Anderson,smithnicole@example.com,7459182988,Jamiemouth,77
418,Whitney,Miller,michael03@example.org,768-471-4669x48674,New Donnaside,42
419,Jocelyn,Ferrell,christopherperez@example.org,619-569-4687x23516,Zimmermanchester,50
420,Sean,Richardson,patricia25@example.org,486.986.2252x27956,Calvinfort,64
421,Dylan,Banks,leezhang@example.com,(449)716-8983,South Rachel,32
422,Tasha,Ross,james54@example.net,001-209-977-9059x218,East Desiree,78
423,Donald,Alexander,nicoledonovan@example.com,001-698-844-1403x1863,East Brianton,22
424,Ashley,Hernandez,emily24@example.org,+1-659-352-2370x072,Cooperbury,62
425,Jessica,Smith,davistimothy@example.org,+1-923-414-3299x8015,Bryanshire,70
426,Laurie,Montgomery,tsoto@example.org,849.456.8014,Jessicabury,64
427,Bruce,Jackson,michael43@example.com,(746)807-2885,New Jamie,61
428,Edward,Gomez,ryancarter@example.net,499-320-1656x800,Melissamouth,55
429,Melissa,Thomas,hmcclain@example.com,+1-579-645-5550x5475,Lake Stevenchester,27
430,Dylan,Garcia,jeanettehines@example.net,849-364-9430x097,Christopherton,53
431,Mary,Mcdaniel,katie00@example.org,+1-966-688-0184x8397,Wileychester,80
432,Tim,Francis,jaimesampson@example.org,001-275-470-1536x266,New Mark,22
433,Michael,Jones,salinasbrandon@example.org,+1-983-783-6661,Adamsside,39
434,Derek,Casey,ymaddox@example.org,001-940-707-3833x963,Hoffmanbury,29
435,Benjamin,Bauer,bclark@example.org,716-710-8168x201,West Danaburgh,25
436,Yvonne,Beasley,hvega@example.com,+1-985-261-4478,East Mollyview,47
437,Philip,Arnold,eric32@example.com,001-232-976-7172x47006,Port Jessica,68
438,Karen,Ford,michaelallen@example.com,669-375-1675x64112,Davidmouth,53
439,David,Brown,theresamonroe@example.net,+1-468-365-2404x86082,Lindsayville,65
440,Amy,Mcdonald,frederick66@example.org,954-842-1525,West Holly,56
441,Mary,White,markpadilla@example.net,8189683487,Katieborough,51
442,Sarah,Newman,kennethrodgers@example.com,(312)904-3371,Alexville,37
443,Mary,Conley,mcdonaldjessica@example.org,625-968-9463,South Erica,29
444,Andrea,Small,zacosta@example.net,838.773.8392,Priceside,74
445,Alexandria,Mccullough,thomasdavid@example.net,515-373-3766x76802,South Kara,75
446,Julia,Williams,padams@example.com,+1-352-933-5815x7583,Robertfurt,41
447,Sara,Taylor,yrivera@example.com,001-680-616-8949x34629,Port Geneville,66
448,Carolyn,Garcia,wilsonmark@example.com,298-303-2968x26789,Allenview,27
449,Jeffrey,Silva,gsmith@example.com,3144729002,Stephenburgh,50
450,Peter,Hughes,melinda86@example.net,001-950-322-2555,Lake Peter,72
451,Jessica,Smith,joeday@example.org,(793)664-9909x3712,East Gavin,24
452,Ryan,Allen,luismartinez@example.org,+1-910-357-3219,New Jacobburgh,58
453,Allison,Johnson,pamela24@example.org,3965447446,Port Stephanie,30
454,Heather,Molina,xfranco@example.net,750-949-4241x2618,East Elizabethfurt,63
455,Misty,Jones,whoward@example.net,442.977.6709x7449,Johnsonland,33
456,Linda,Valenzuela,jessica66@example.net,+1-317-485-4423x9162,Matthewburgh,18
457,Emily,Alexander,jerryscott@example.org,202-640-6067x9639,Thomaston,34
458,Kyle,Wagner,griffithbrandy@example.net,(330)808-2532x6029,Andreafort,28
459,Gerald,Mccormick,craighernandez@example.net,+1-344-972-5803x652,Wrightbury,65
460,Lee,Stephenson,desiree80@example.net,001-558-994-4998x1366,North Charles,67
461,Dylan,Garcia,carla80@example.net,218.779.7431,Josephside,58
462,Justin,Charles,donaldwhite@example.org,752.624.1606x29666,East Brett,61
463,John,Chavez,jasonwagner@example.net,705-562-8525,Wardshire,56
464,Christine,Armstrong,vgonzalez@example.net,+1-360-508-3780x293,Frenchbury,29
465,Seth,Christian,nicole80@example.net,001-234-484-8983x30890,East Michael,66
466,Jacob,Brock,ahale@example.com,546.310.6797,Justinmouth,28
467,Sarah,Hardy,hebertbrandi@example.net,934.209.0688x88588,East Brittanyview,23
468,Victoria,Pace,richardsongary@example.com,+1-723-927-1287,New Deborahstad,62
469,Stephanie,Jimenez,karen46@example.net,001-916-207-8117,Hollandburgh,60
470,Andrew,Johnson,mmendez@example.org,+1-925-374-5322x509,East Thomasberg,39
471,Joseph,Fletcher,joshuasimon@example.com,893.620.6237x9840,Curtisside,70
472,Courtney,Morris,evalenzuela@example.com,001-495-645-7913x901,Hernandezshire,20
473,Helen,Wright,rquinn@example.net,001-827-945-9397,Lake Sarahmouth,34
474,Mary,Hall,jcowan@example.com,(482)452-6270x73219,North Victoriafort,44
475,Jessica,Johnson,lorimartinez@example.com,(324)392-2589x2139,North Marymouth,31
476,Aaron,White,smithdonald@example.org,(914)923-8597x3618,Lake Amber,72
477,Megan,Yang,ericford@example.net,(345)994-6556x6999,North Mitchell,20
478,Stacey,Francis,xpierce@example.com,(245)573-8793x415,New Robertchester,20
479,Michaela,Atkinson,estradavalerie@example.net,766.742.9737x29771,West Alisha,64
480,Tiffany,Black,browntheresa@example.com,334-528-6121x5199,Michellechester,77
481,Jeremy,Franklin,james31@example.net,001-706-635-6352x625,Greenshire,31
482,Mary,Bowman,josecrane@example.net,226-855-8393x85025,Heatherborough,30
483,Tammy,Pace,carsonmadeline@example.net,(696)879-1428,Lake Jessica,68
484,Julia,Peterson,alexismartin@example.org,+1-267-956-0277x24111,Fisherfort,30
485,George,Griffin,nathanielwatson@example.org,+1-639-354-3024x321,Melissafurt,44
486,Taylor,Weaver,stephanie51@example.com,2885040550,Lake Emily,73
487,Jasmine,Anderson,marygolden@example.net,378-354-7208,Carriemouth,37
488,Brandy,Moreno,vmitchell@example.org,001-619-245-5694x64659,Port Johnny,52
489,Larry,Gallagher,haaslinda@example.com,001-707-805-3755x476,Anneville,53
490,Shelby,Anderson,tcalhoun@example.org,(670)553-0769x97124,Hernandezmouth,42
491,Natalie,Lopez,davisbrandon@example.org,+1-963-273-2359,Campbellberg,53
492,Timothy,Williams,stephaniewilson@example.com,497.690.1315x351,South Seanville,61
493,Lauren,Snyder,berrymelissa@example.org,001-208-374-2965x0477,North Melissa,36
494,Michael,Wells,okent@example.net,(670)756-2123,Port Marcus,42
495,Cheryl,Douglas,harrismichael@example.com,+1-774-368-2542,New Davidmouth,59
496,Gloria,Bentley,walterssteven@example.com,781.360.3533,Christineton,74
497,Heather,Lopez,qlarson@example.net,+1-366-967-0199x18621,East Joseborough,51
498,Mark,Smith,robertbrown@example.com,+1-665-507-9859x5740,West Brett,23
499,Kevin,Collier,xjames@example.net,548.536.9506,Lake Jennifer,80
500,Troy,Powell,scottwalsh@example.org,584-794-4390x999,Jessicafort,53
501,Lindsey,Peterson,jason11@example.com,8903020941,North Kylefurt,62
502,Robert,Skinner,xallen@example.org,001-440-540-8676x33139,Robertshaven,72
503,Eric,Quinn,owatson@example.org,8218074145,Joemouth,27
504,Gabriel,Haley,lisapugh@example.com,(584)520-5463x12758,Haleyshire,28
505,Leah,Vargas,melanieperkins@example.net,(918)741-9575,West Laura,78
506,Robert,Harris,lparker@example.net,479-750-2366x29625,Hallville,46
507,Andrew,Moon,xlee@example.org,516-771-7173x150,Murphytown,67
508,Stephanie,Ryan,ylarson@example.com,(932)424-8052x3559,Richardland,51
509,Sara,Miles,prichards@example.org,+1-786-463-1368,Whiteland,23
510,Michael,Singh,burnetttimothy@example.com,3865056464,Jenniferfort,70
511,George,Goodman,justinflores@example.net,6566746897,Powellville,70
512,Robert,Herrera,rebekah15@example.org,001-652-463-1970x25371,East Katherine,21
513,Melissa,Baker,hallgabrielle@example.com,468.886.0175,Port Latasha,49
514,Madeline,Richards,wmartinez@example.org,(351)641-1359x56993,Matthewview,79
515,Steven,Bell,wreynolds@example.org,424.308.3541x09149,Petersenfort,64
516,James,Holmes,qdawson@example.org,(883)757-6980,West Erica,60
517,Jacob,Becker,jasonrivera@example.com,001-448-605-2155x237,West Emilyborough,61
518,Aaron,Sims,cynthia80@example.com,249.614.8585,Jonbury,62
519,Tara,Krueger,amandagonzalez@example.org,343-375-3696x68165,Hansenmouth,64
520,Laura,Rhodes,drose@example.net,470.309.7145,Justinbury,78
521,Robyn,Casey,jeremy52@example.com,001-587-650-6652x07203,Josephstad,25
522,Madison,Stanley,emcdaniel@example.net,415-648-2303x1701,New Kelly,28
523,Joanna,Clark,carlos39@example.org,754-713-5891x163,Lake Rachel,80
524,Daniel,Hancock,cortezmichael@example.com,+1-578-946-0175x0658,Lake Laura,24
525,Travis,Harrell,michael55@example.com,(515)812-5314x54169,Cunninghamport,53
526,Aaron,Baldwin,jdean@example.org,001-674-635-1119x58044,Port Michaelstad,71
527,Sandra,Martinez,uoneill@example.org,383-753-5169x717,New Brandi,41
528,Catherine,Pope,martinchristina@example.com,(220)208-9673,Tiffanyburgh,25
529,Michelle,Bradley,gardnerkristy@example.net,+1-664-527-0033x315,Tinahaven,23
530,Victoria,Woods,webermichael@example.com,(522)307-3765x50650,Johnsonmouth,71
531,Holly,Stephens,keith28@example.org,(252)981-9620x3015,East Sandrafort,62
532,Barry,Collins,monique62@example.com,262.968.0928x5274,Craighaven,30
533,Anthony,Tucker,jamie10@example.com,+1-575-521-2313x64060,Natalieside,75
534,James,Whitaker,vchapman@example.com,(214)299-5913,Lake Katiemouth,20
535,Jennifer,Collins,annherrera@example.com,(472)729-9372x8668,Gonzalezland,33
536,Michelle,Johnston,pwood@example.org,657.517.1325,Port Jaredport,54
537,Kenneth,Callahan,james59@example.net,+1-263-937-6570x760,North Tammyview,23
538,Laura,Cannon,otaylor@example.net,+1-372-964-9269x8371,New Tiffany,70
539,Benjamin,Sullivan,sparrish@example.net,617.976.7665x79663,Janiceberg,74
540,Madison,Morton,zschneider@example.com,(967)624-9148x3146,Kathleenland,64
541,James,Perry,webbmark@example.com,(233)428-1864x92278,Michaelburgh,40
542,Mitchell,Hernandez,kevinthompson@example.net,+1-680-717-4684x4595,Port Melissastad,27
543,Sabrina,Miranda,jeremy48@example.org,+1-324-373-9719x786,West Steven,36
544,Derek,Lyons,jessica78@example.com,3055178278,West Kristenside,22
545,Thomas,Rogers,fnelson@example.com,001-961-721-2031x265,North Teresaside,39
546,Ronald,Hill,gregoryjohnson@example.org,(569)693-0410x657,Ginaland,75
547,Daniel,Bass,gregorymedina@example.com,466.336.1029x4859,South Jason,18
548,Elizabeth,Cross,darius36@example.com,(335)275-0607x736,Josephshire,22
549,James,Christensen,jason52@example.net,547-850-8050x28067,Ernestfurt,45
550,Amber,Sullivan,xpatton@example.org,259.373.7582x62474,Christopherberg,24
551,Suzanne,Massey,uclark@example.net,(237)277-3008,Gabrielchester,72
552,Elizabeth,Mendoza,mendozaseth@example.com,596.484.3683,South Rodneystad,45
553,John,Page,maldonadodawn@example.com,+1-581-315-6971x081,Brittanyview,18
554,Elizabeth,Nielsen,vhoward@example.net,+1-942-245-5676x25959,Larsenchester,76
555,Lindsay,Smith,zwilkerson@example.org,(207)713-7507,South Rogerbury,32
556,Brent,Carpenter,tinayang@example.org,738.659.0041,New Madelinehaven,74
557,Samantha,Williams,gentryabigail@example.com,(334)803-9903x806,Laurieside,55
558,Christine,Richards,jessica91@example.com,488.793.7418x79995,Port Charlesfort,72
559,Donna,Mcclain,richard70@example.net,+1-999-880-7407x89812,Laurafurt,23
560,Heidi,Callahan,angelamason@example.net,+1-587-766-3179x8147,Stanleyshire,25
561,Shane,Burch,ylopez@example.com,667.690.7225,Mcgeeview,49
562,Kenneth,King,emilycarroll@example.com,(540)330-8841x74042,Sullivanburgh,28
563,Cheyenne,Phillips,xking@example.com,(580)538-2482,Lake Chelseafort,75
564,Richard,Moore,brownraven@example.org,782-843-1036,Lake Paulberg,25
565,Rebecca,Browning,christopherjohnson@example.com,497-902-2944x7715,New Rebeccaville,27
566,Amy,Dean,valerie71@example.net,(512)690-5213x61511,Lake Christina,68
567,Frank,Robinson,deannajones@example.com,834.982.1117x409,North Gwendolynton,31
568,Dustin,Johnson,paulclark@example.net,996-731-1865,East Benjaminport,28
569,Christopher,Clay,kellyheath@example.com,758.537.8469x26268,Seanside,42
570,Joshua,Miller,michaelfoster@example.net,001-951-989-2426x692,South Kellyside,35
571,Nathaniel,Soto,thomasgreg@example.net,001-202-406-7896x2407,Matthewstad,24
572,James,Simpson,ktravis@example.com,+1-654-809-0212,South Randallview,40
573,Julie,Alexander,laurahudson@example.org,426.356.1366x2005,Taylorborough,57
574,Whitney,Stevenson,beasleyalexandra@example.org,001-648-459-5400x91298,Katherinechester,30
575,Stephanie,Rhodes,walkerwilliam@example.com,307-451-5946x10390,Jamesfurt,80
576,Tina,Green,stephensmith@example.net,525.875.9945,Port Brandonfort,28
577,Jennifer,Valencia,michellemack@example.com,+1-881-912-7403,Elizabethbury,76
578,Margaret,Cruz,millerkelly@example.com,300-353-1079x36148,Rodriguezchester,80
579,Frank,Floyd,joshuaduncan@example.org,741.520.1798,Walshville,66
580,Paul,Brewer,zclark@example.org,563-874-6557x84218,Beckland,69
581,Courtney,Wyatt,craig58@example.net,001-208-634-3876,Kingborough,67
582,Sara,Johnson,april29@example.com,439-478-0550,South Tiffanyburgh,45
583,Laura,Berger,wroberts@example.com,6054823484,Port Katherineland,39
584,Kenneth,Miller,sherri51@example.org,+1-412-700-9909x347,Mindyborough,27
585,Kathy,Hess,terryphillip@example.com,6217033984,Clarkburgh,80
586,Nicole,Nelson,friedmanchristopher@example.org,469.435.8049,New Michaelmouth,72
587,Nicole,Fernandez,kennethhines@example.net,(446)427-1140x68793,Port Bradley,52
588,Thomas,Atkinson,lisa03@example.net,001-668-482-2101,Padillafort,33
589,Michael,Williams,ocastillo@example.org,(206)676-7769x2654,West Crystalside,72
590,John,Curtis,david88@example.com,(397)654-4347,New Danielbury,46
591,Brad,Swanson,kim94@example.com,+1-894-287-2371,Santosfurt,60
592,Donald,Watson,gregorylloyd@example.net,+1-701-328-4154x60679,Damonburgh,40
593,Sean,Pearson,karenwhite@example.com,375.358.3132x70894,New Keithport,22
594,Joshua,Winters,valentinedawn@example.com,588.768.2644x3645,Davisshire,70
595,Mark,Adams,heatherhall@example.com,796.885.0890,Mirandashire,19
596,Jeffrey,Johnson,stephaniesmith@example.org,688.943.0638x93593,New Jill,64
597,Seth,Davis,williamsshawna@example.com,+1-999-977-4288x40533,Edwardfort,71
598,Susan,Vasquez,jill08@example.net,2094533423,North Steveland,52
599,Jared,Jordan,lwalker@example.com,913-768-7188x28782,Jontown,66
600,Shane,Sutton,hicksmichael@example.net,(916)809-5774,East Amy,58
601,John,Bell,charleswilson@example.org,8919556004,Williamsborough,32
602,Heather,Freeman,ggilmore@example.net,+1-648-385-3760x28166,Mathewsburgh,54
603,Rachel,Dean,millersamuel@example.com,001-648-718-9910,Lake Tanya,68
604,Shawn,Jenkins,dmitchell@example.net,381-409-9366x7404,Christopherside,31
605,John,Mullen,nedwards@example.net,869-542-4313,North Sarah,75
606,Jaclyn,Silva,hoffmanvalerie@example.org,264-565-7791x97744,Port Stephanie,79
607,Jennifer,Wolf,oferguson@example.org,846-286-0834,South John,67
608,Laura,Brown,uriddle@example.com,+1-360-376-3827x5834,Victoriaside,79
609,Tracy,Lewis,aaron57@example.org,473-609-3784,South Yvonne,22
610,Amy,Farmer,hjuarez@example.org,4687852559,Bradton,69
611,Amanda,Clark,peter36@example.com,001-525-450-3649x5458,Port Melissaberg,54
612,Hunter,Williams,jvaldez@example.org,001-355-682-9016,North Larryfurt,26
613,Elizabeth,Mullen,christopherwalker@example.org,(419)404-9560x18438,Anthonyton,78
614,Victoria,Kirk,diane64@example.org,(442)344-7733,Port Patrickstad,49
615,Joseph,Hurst,alex15@example.com,(863)382-1999,Robertsside,36
616,Bradley,Lowe,brockhannah@example.com,366.712.4342x9473,North Robert,18
617,Patricia,Davis,jamesbecky@example.com,001-430-570-4787x739,Andersenfurt,18
618,Henry,Jackson,rhonda11@example.com,799.457.3882,Austinfort,27
619,Miranda,Bailey,michaelgardner@example.net,(812)865-1681x591,Port Laurabury,30
620,Michael,Flores,brandon72@example.com,+1-837-949-4201x1714,Zamorabury,24
621,Laura,Long,gcarson@example.com,610.423.4219,Guerreroberg,54
622,David,Nguyen,robinsonmargaret@example.net,(298)564-0417x80880,Garciamouth,68
623,David,Yu,timothy48@example.net,(980)911-8755,Danielfurt,51
624,Christine,Lopez,gbishop@example.net,267-774-5023x66451,East Michaelberg,25
625,Daniel,Smith,dennispope@example.org,(995)205-4686x66319,Velasquezport,47
626,Daniel,Sullivan,davismark@example.com,001-957-462-5447x3564,East Sheri,26
627,Jesse,Carpenter,wilsonpatrick@example.net,001-787-349-6591x16516,New Mistychester,79
628,Bruce,Harris,lindsey05@example.com,+1-550-492-9928x911,North Meganborough,35
629,Benjamin,Bryant,cblair@example.org,4456544465,Lake Julieberg,47
630,Sydney,Munoz,maryspears@example.net,001-283-912-8874x5141,New Reginabury,28
631,Barbara,Brown,romanmario@example.com,(353)745-0603x85775,Port Jasmineside,47
632,Tiffany,Stevens,xwilliams@example.net,(497)315-3426,Port Brandonport,63
633,Linda,Watkins,stephanie59@example.com,303-484-5841,West Ebony,69
634,Lindsay,Robbins,bhansen@example.com,+1-539-457-9239x64718,South Nathanfurt,78
635,Jody,Singleton,lambertdaniel@example.org,7032981575,Lake Susanberg,21
636,Stephen,Vega,lawrence77@example.org,001-384-551-6399x11996,Lake Sarah,65
637,Gregory,Carr,john67@example.org,346.439.6325x98878,West Amandachester,30
638,Felicia,Hudson,ccarey@example.net,001-264-938-1661,Port Stevenfort,27
639,Natalie,Zimmerman,douglasgomez@example.net,500-528-8878x1824,Port Stephaniefort,30
640,Jonathan,Chavez,vazquezadam@example.org,+1-831-692-9976,Sandovalhaven,47
641,Rebecca,Burgess,debrabrewer@example.com,(437)445-6335,North Heather,51
642,Charles,Armstrong,francisco45@example.org,+1-919-856-8814x6921,Spearsfort,63
643,Gregory,Freeman,pateljulie@example.com,(912)296-1973,Shanefort,35
644,Edward,Patterson,jenniferhoward@example.net,(894)226-5741x285,East Stephanieburgh,38
645,Carlos,Li,lfowler@example.net,001-479-931-1571x19332,West Craig,34
646,Charles,Carpenter,david15@example.org,529-482-1612,Boothshire,22
647,William,Pearson,cesar16@example.com,001-566-969-1353x04419,Smithfort,19
648,Arthur,Stewart,ajones@example.com,+1-293-816-7291x530,Barnettland,78
649,Angela,Lloyd,anthony85@example.org,782-492-3733x1320,South Paula,32
650,Lisa,Stewart,anna89@example.net,(856)253-6520,Shaneshire,28
651,Michael,Alvarez,vwilliams@example.net,254.994.4544,North Timothy,47
652,Rachel,Sanders,richardsonchristopher@example.net,(799)427-0780,South Susanfurt,66
653,Matthew,Nguyen,emacdonald@example.net,683.636.5867x1934,West Gabrielle,65
654,Stephanie,Wood,russell68@example.net,203-675-7710,Youngstad,49
655,Vernon,Cardenas,hermandavid@example.org,941.953.2214,Dawsonbury,40
656,Anita,Lozano,briana99@example.org,766.589.1664x0463,South Rebecca,80
657,Janet,Grant,christineross@example.org,+1-687-346-3629,West Daniel,58
658,Jennifer,Flores,barbara50@example.net,+1-633-542-8034x75105,Arnoldchester,61
659,Matthew,Jarvis,johnsontimothy@example.org,573.788.1938x14669,Lake Ambermouth,39
660,Leslie,Barnes,stanleycastillo@example.org,(889)319-8118,East Johnfurt,54
661,Angela,Mitchell,bjohnson@example.com,231.863.9274x75873,Lauramouth,31
662,Peter,King,cristianmerritt@example.net,+1-738-487-8087,Lake Kevinbury,20
663,Stephanie,Miller,hmelendez@example.com,4525005243,Graceside,55
664,Heather,Mason,simmonsmatthew@example.org,(792)598-8434x9623,Marymouth,72
665,Clayton,Green,evan38@example.org,001-297-231-2560x2258,Pricehaven,28
666,Joel,Berry,victoria30@example.com,+1-665-960-1194x4209,Thompsonside,20
667,Kara,Rodriguez,robinbyrd@example.org,7264921411,Port Rebecca,47
668,Jennifer,Walls,wmorris@example.org,001-493-261-2308x4812,Colemanton,34
669,Donald,Stephenson,emilyrose@example.net,924-438-8144x524,Brandonside,75
670,Jane,Martin,duncanthomas@example.org,001-512-398-3480,Lake Susanland,31
671,Matthew,Perkins,martineztaylor@example.com,8749571429,Port Antoniomouth,35
672,Amy,Swanson,millerkeith@example.org,(884)830-2576x938,Hernandezbury,26
673,Leah,Hunter,prattgeorge@example.org,(261)487-0017,North Richardberg,27
674,Sheila,Mullins,tgill@example.net,+1-975-646-6570,Gonzalezfurt,25
675,Edward,Evans,moralesjames@example.com,001-279-856-1267,Port Robertville,71
676,Elizabeth,Wade,karen14@example.com,679-362-6411,Port Andrea,54
677,Craig,Gould,dyang@example.com,598.519.8407x138,South Michaelshire,31
678,David,Maddox,jennacastro@example.org,8219157742,South Amandatown,76
679,Michael,Taylor,dchavez@example.com,871-583-9735,South William,67
680,Kathleen,Fischer,porteranita@example.org,741.488.7075,Pamelabury,49
681,Karen,Patrick,shawkatelyn@example.com,+1-800-693-5551x75622,New Benjaminfort,62
682,Kathleen,Thompson,michelle40@example.com,857-529-1813x0788,South Danielfort,56
683,Marco,Johnston,wesley89@example.org,8904867857,South Timothy,80
684,Fred,Lopez,jasoncisneros@example.net,(864)649-5601x4433,East Jessica,41
685,David,Ewing,dvega@example.org,+1-556-956-0907,East Stephanie,26
686,Patricia,Fernandez,bthompson@example.net,(336)530-3774x0506,Riceshire,40
687,Lisa,Gibson,rachel66@example.org,432.567.5086x588,Bradleyshire,39
688,Tiffany,Whitney,hbrown@example.org,001-784-757-7047x8129,West Paulaton,24
689,Cody,Wilson,stewartsydney@example.net,740-832-4651,Gloverport,31
690,Leslie,Leonard,amycastillo@example.org,+1-412-340-2437x139,East Toddton,69
691,Vincent,Carrillo,kathleen44@example.org,+1-366-774-0222x59750,North Sarahstad,68
692,Amy,Houston,robert17@example.org,(934)339-9382,New Jorge,41
693,Anita,Rodriguez,johnsonashley@example.net,(785)334-6273x69906,Brittanyland,37
694,Sharon,Grimes,barberjohnny@example.org,618-916-3388x871,Langville,19
695,Christian,Spencer,harrisdaniel@example.com,(665)358-5945,Mortonchester,61
696,Eric,Carter,jordanmiller@example.org,390.833.9388,Lake Jesus,39
697,Dennis,Williamson,tfarrell@example.net,+1-615-311-1561x76486,Danielsview,52
698,Brenda,Armstrong,patricia42@example.org,302-411-0328,Bakerbury,35
699,Joshua,Anderson,smithryan@example.com,(425)336-8626x704,East Tracyfurt,69
700,Roy,Flores,jordantyler@example.org,921-692-5532x930,New David,39
701,Eric,Franco,lewisjustin@example.org,5439070735,Crosbybury,26
702,Michael,Mason,jonestimothy@example.com,940-454-9411x9079,New Francestown,70
703,Nicole,Freeman,diane10@example.com,709.234.9520x3700,Lewisville,19
704,Ashley,Hill,samanthabeard@example.org,453.801.8783x02513,Hansonmouth,73
705,Catherine,Lewis,markdiaz@example.com,001-732-301-0210x70987,Darrellbury,72
706,Angela,Phillips,fhoward@example.com,001-627-899-2779x220,South Scottside,41
707,Vernon,Pierce,bclements@example.org,+1-594-841-8276x37302,South Gina,41
708,Omar,Carson,amymoss@example.net,+1-433-323-2796x04895,Laurieshire,39
709,Teresa,Brown,jacobrogers@example.com,576-822-3636,Dillonside,44
710,Tina,Singh,wcampbell@example.org,8003360093,Munozton,67
711,Julie,Martinez,haasjeffrey@example.net,001-857-609-1651x3647,Maryborough,43
712,Eric,Robinson,reynoldsjenna@example.org,855-388-9790x19753,North Jasonfort,50
713,Amy,Howell,mcarson@example.com,342.338.3954,Scotthaven,42
714,Tom,Holland,jenkinsdaniel@example.com,(268)845-5662x7495,East David,78
715,Amanda,Stanton,brauncatherine@example.org,(342)984-4636x07605,Lake Erinfort,63
716,Kelly,Burgess,lkidd@example.com,+1-814-383-7112x459,Marcusberg,31
717,Daniel,Dawson,zdavis@example.org,(795)273-4543x316,New Erica,58
718,Timothy,Walsh,jason46@example.net,(649)347-0645x292,Andreahaven,62
719,Christopher,Flowers,cheryl51@example.org,001-303-868-3072x8519,West Kevinshire,48
720,Claudia,Henderson,xbrown@example.com,(628)918-3654,Carrieville,73
721,Kim,Cook,kathleenmcintyre@example.org,001-295-702-1340x399,New Richard,76
722,Jessica,Skinner,mark09@example.com,993.908.7299x9821,South Jennifer,38
723,Joshua,Salazar,george50@example.net,+1-660-236-7641x6334,Jennifermouth,68
724,Karen,Hernandez,chelsea69@example.org,+1-266-974-2094,Millsview,65
725,Timothy,Doyle,ryan80@example.org,+1-704-770-8638x93236,New George,33
726,Martha,Stevens,phillipsrobin@example.com,734-243-6989x3994,East Michele,19
727,John,Poole,swansonalex@example.com,352-834-8249x8855,Port Patriciashire,38
728,Timothy,Schmidt,cynthia68@example.net,360-661-2742x150,Randolphton,36
729,Bryce,Beard,ckim@example.net,912.936.9844x898,Smithberg,59
730,Jill,King,cleon@example.net,4104350757,Williamsberg,72
731,Christina,Olsen,jacobsvictoria@example.net,489.320.6264x048,North Michael,55
732,Michael,Summers,jonescheryl@example.com,283-662-8682x283,Johntown,38
733,Mary,Dougherty,jessica21@example.org,+1-551-523-9281,Lake John,68
734,Yesenia,Brown,brittanycervantes@example.com,609.656.2507,Williamsport,53
735,Kayla,Stone,mark49@example.org,001-857-946-1849x06996,East Donna,76
736,Nathan,Aguirre,daniellecarter@example.net,(601)557-7752,East Linda,78
737,Michael,Byrd,rebeccaclay@example.com,350-491-0154x56606,Christinabury,55
738,Emily,Wilson,michelle11@example.com,713-524-5797x477,New Michaelton,79
739,John,Miller,zwatson@example.net,+1-705-813-9280x877,Port Juliaburgh,30
740,Joseph,Gomez,julianmay@example.net,(798)321-6551,East Kevin,57
741,Gregory,Morgan,phillip63@example.net,+1-555-457-8030x62918,Hamptonbury,29
742,Lisa,Anderson,kristina08@example.org,+1-710-979-3480x3225,Lake Christinestad,19
743,Crystal,Davis,perry55@example.net,(856)639-3775,Port Jeffery,23
744,Lawrence,Perry,timothyobrien@example.com,(360)674-0298,South Gabrielle,53
745,Daniel,Keller,whitedavid@example.com,+1-393-441-8615,East Joseph,60
746,Jacqueline,Haley,wilsonjoseph@example.org,(467)890-2804,West Jeffreyview,61
747,Molly,Fitzgerald,brandon81@example.com,+1-307-448-1064x587,South Meganborough,29
748,Matthew,Boone,jimmy96@example.org,646.574.6291x60576,New Tammyton,55
749,Alexandria,Miller,nicole90@example.org,347.980.5855x279,East Jessicafort,33
750,Shawn,Stewart,kingmary@example.net,702-761-4734,Gonzalezstad,51
751,Benjamin,Santiago,richardbrock@example.com,001-891-413-3330,East Justin,40
752,Katrina,Lane,jsimmons@example.org,391.245.1395x7843,Guzmanville,68
753,Nicholas,Morales,michaelconrad@example.org,674.976.9014x367,Port Carlastad,76
754,Matthew,Black,cherylfleming@example.com,+1-330-568-8251x1672,Armstronghaven,63
755,Robert,White,durhamdylan@example.org,001-456-688-8270x36866,Lake Johnmouth,52
756,Rhonda,Parsons,myang@example.com,(830)962-2246,East Jamesland,61
757,Amanda,Huff,pamelabarnett@example.org,001-884-648-5208x81867,New Corey,42
758,Jacob,Moore,robert37@example.net,001-545-732-1785,Lake Ashley,50
759,Joanne,Williams,scottmccarty@example.org,768-793-4606x4670,Port Matthew,40
760,Michelle,Shepard,kyle95@example.org,(353)678-2415,East James,78
761,Kristin,Shannon,johnsonhannah@example.net,(270)669-7234,East Teresa,42
762,Kristin,Arias,cspears@example.net,(400)383-2750,South Brett,78
763,Spencer,Davis,ronald17@example.net,417.739.0376x48879,Donaldburgh,58
764,Thomas,Smith,jasongonzalez@example.org,577.936.7793x3431,West Ashley,60
765,Andrew,Turner,knelson@example.com,(556)409-6038,North Jenniferborough,38
766,Renee,Cruz,keithflores@example.net,001-746-436-7124x15597,East Danielshire,55
767,Jackie,Wagner,ashleybean@example.net,8986597881,North Jessicaside,56
768,Brent,Aguilar,xgallagher@example.org,001-420-474-2183,South Caroline,55
769,Mary,Lewis,charleswalter@example.net,(469)452-4311,Jonesshire,19
770,Jamie,Robertson,woodsbarbara@example.com,7215579480,Patriciaton,66
771,Kayla,Kelly,wnelson@example.org,+1-373-645-8222x836,Nicoleside,75
772,Sophia,Santos,ygood@example.net,(631)607-5719x0963,Christinabury,70
773,Kevin,Vargas,hamiltonroy@example.net,372-309-1975x71928,Kathybury,41
774,Sharon,Richardson,nathan31@example.com,001-991-203-9278,Lake Joshuaville,57
775,Juan,Jones,jali@example.net,597-249-3022,West Kevin,41
776,Ross,Roth,michael33@example.org,670.227.6241x0786,Port Timothyshire,63
777,Kathy,Gomez,perryphilip@example.org,(940)645-7864x717,South David,22
778,Vincent,Tran,stevenolson@example.org,260.444.6670x665,Rachaelbury,46
779,Dennis,Williams,rogersmark@example.org,+1-474-689-3503,Erinmouth,65
780,Karen,Floyd,johnrichmond@example.net,+1-510-481-8583x988,Port Courtneybury,62
781,Jeremiah,Santana,eburke@example.org,839-670-8477,Richardsonfort,47
782,Nicholas,Johnson,smckenzie@example.com,+1-418-281-6293x3167,North Barbarafort,77
783,Erika,Tucker,brandonturner@example.net,(711)405-2102x221,Zacharyhaven,61
784,Michelle,Taylor,ythomas@example.net,(978)878-6615x123,North David,72
785,Cheyenne,Rowe,lonnievaldez@example.net,573-518-8669x924,North Leslieburgh,30
786,Gerald,Jennings,richardsonemily@example.org,001-866-541-2061x3204,Cooperland,74
787,Christopher,Perez,kimberlygarcia@example.net,464-697-8994x7440,Robertport,51
788,Patrick,Cruz,mcleanamanda@example.org,(423)943-4196x38339,South Elizabethside,64
789,Laura,Yang,douglaspeter@example.net,364.338.2724,Jacobborough,40
790,Mary,Lara,james56@example.net,001-992-361-4859x65309,Vargasside,25
791,Deborah,Jones,rwashington@example.net,+1-430-530-2369x62452,Lake Danielle,18
792,Angela,Newman,catherine15@example.net,(430)226-8499x64976,Montgomeryborough,33
793,David,Mendoza,bmeyer@example.org,+1-382-653-8056x3988,Robertburgh,40
794,Rachel,Campbell,mary08@example.org,001-671-785-9353,New Tina,51
795,Carolyn,Davis,rmaldonado@example.com,+1-688-409-7614x1295,Port James,54
796,Kevin,Dawson,lowestanley@example.org,309.972.6992,Stevenmouth,20
797,Paul,Anderson,erica06@example.net,778.293.3058,Anthonychester,53
798,Reginald,Lee,jpham@example.net,581.986.9736,South Derek,18
799,Cynthia,Price,carlajones@example.org,521.896.7375x39186,Christopherstad,76
800,Jennifer,Fleming,thammond@example.com,001-879-719-7363x824,East Julianchester,51
801,Emily,Johnson,sara73@example.com,(820)859-1206x183,South Rebeccashire,52
802,Charles,Moore,andreaprice@example.net,+1-651-841-6140x667,Nicolasview,66
803,Carrie,Pearson,lisagriffin@example.net,635-311-1971,Stephanietown,20
804,Patrick,Barber,jeffreygreer@example.org,787.564.0784x793,Johnview,36
805,Michael,Diaz,xmorales@example.com,(679)870-4726,Harrisstad,76
806,Jodi,Foster,curryrobert@example.com,430.219.4084,East Philipville,34
807,Adam,Black,bakermichael@example.net,384.785.8505x606,Merrittport,61
808,Colleen,Patterson,kim35@example.org,4608177522,Greenbury,33
809,Angela,Gonzalez,pwilliams@example.org,+1-791-938-2990x889,New Sarah,38
810,Brandon,Hayden,walteralec@example.com,986-795-4370,South Jessicaburgh,74
811,Sarah,Daniels,eric06@example.com,406-323-5690,Adamsfurt,19
812,Mark,Taylor,thomasryan@example.org,738.263.9780x9074,Hickshaven,45
813,Gerald,Austin,claytonnicole@example.com,001-273-467-7610x08782,Scottville,31
814,Brian,Davidson,smithjeff@example.com,(878)373-1456x9021,Curtiston,52
815,Donald,Hudson,lorijordan@example.net,001-386-218-3569,Thompsonstad,78
816,Charles,Cummings,david25@example.net,334.631.1271,Laurenhaven,20
817,Juan,Thompson,elewis@example.com,+1-261-336-4080x08957,Cookberg,28
818,Bryan,Kane,michaelwong@example.com,273.481.6766,South Rebecca,44
819,Laura,Collins,marywise@example.net,(621)824-2362,Martinview,66
820,Mary,Perez,mccormickleah@example.com,928-382-6774x32636,New Richard,74
821,Timothy,Poole,kristinvalenzuela@example.org,378.575.1986x4006,Wheelerchester,65
822,Kevin,Reynolds,emilystewart@example.org,+1-921-541-3882x116,Villarrealberg,63
823,Gloria,Lowe,qday@example.net,(841)461-7853x26406,Port Isaacberg,56
824,Paul,Gonzalez,nthomas@example.com,001-645-746-2028,Lake Melissamouth,38
825,Cameron,Garcia,hollandchristine@example.net,872-332-4691,Caldwellview,31
826,Glenn,Barron,fordnicholas@example.com,722.721.8566,New Markstad,62
827,Angel,Clark,raymond65@example.net,(368)838-8927x3010,Michaelburgh,46
828,Mary,Edwards,jonesthomas@example.com,515.402.1506x396,Diazville,72
829,Richard,Malone,klawson@example.net,719-617-6128x96002,Jillburgh,74
830,Karen,Hill,randalldiaz@example.net,7922879912,North Jeffrey,65
831,Angel,Gregory,elizabeth55@example.com,+1-642-361-6173x87216,Tracyshire,62
832,Melody,Daugherty,annanelson@example.com,(621)982-9033,West Scottburgh,22
833,Rachael,Melton,maria77@example.com,4496982031,West Williamfort,57
834,Erin,Griffin,barnesmichael@example.com,722.754.3604x1287,Lake Michelle,34
835,Dominique,Hoffman,erik65@example.org,359-962-2353x4820,East Taraland,53
836,Shawn,Ortega,jthomas@example.net,+1-540-631-0594x294,Yatesbury,29
837,Brooke,Castillo,terrymichelle@example.net,747-457-5933x188,Rileyside,18
838,Cheryl,Powers,ijackson@example.org,+1-262-284-4931x292,East Brenda,65
839,Jo,Morris,craig03@example.com,001-245-400-9580x16763,Chenmouth,69
840,Nicholas,Perkins,michaelhoward@example.net,802-759-1772x6922,Shelbyside,22
841,Theresa,Diaz,daniel07@example.org,714-320-6472x6915,South Kimberlyberg,64
842,Paul,Castaneda,mnguyen@example.com,001-325-785-1176x616,Matahaven,45
843,Anthony,Jimenez,jose21@example.net,001-396-380-2683x792,New Ericberg,70
844,Sherry,Delacruz,dbrooks@example.com,001-830-637-0927x443,Wolfemouth,43
845,David,Weber,tmitchell@example.org,001-979-302-2499x677,South Tonyamouth,49
846,Laura,Massey,stacey51@example.org,(423)399-8423,Larryville,75
847,Nicholas,Hayes,laura93@example.org,(236)725-8203x3026,Brownhaven,29
848,Brandy,Griffith,xflores@example.net,379-575-5011x87546,Burnsview,19
849,Michael,Shaw,walkeramanda@example.com,748-362-4995x6590,Dawnberg,73
850,Becky,Taylor,joseph03@example.net,(617)244-8203,Lake Angeltown,22
851,Patricia,Phillips,michael71@example.com,001-353-230-5030,North Lisaburgh,34
852,Timothy,Ford,jonesconnor@example.org,318-887-4467,East Michaelstad,49
853,Kyle,Lee,warrenross@example.com,(270)726-0816x960,Lake Deborahberg,45
854,Carlos,Marks,sweeneyjocelyn@example.net,691.274.0608,New Deborah,54
855,Karen,Jennings,michaelgalloway@example.com,001-460-313-9010x2090,Josephview,31
856,Daniel,Chambers,nmiller@example.org,(641)561-3970x49460,Valenciaview,68
857,Margaret,Fischer,robertdavis@example.com,896.200.6560x5828,Claytontown,58
858,Mary,Kaufman,kimberly59@example.org,559-467-8399x476,Kevinstad,22
859,Nancy,Livingston,kayla54@example.com,215.337.0352x57438,Kathleenstad,65
860,Charles,Scott,joneslauren@example.net,+1-774-965-7673x924,Port Amy,45
861,Margaret,Brown,sara59@example.net,(976)302-4545,Amymouth,74
862,Gene,Williams,kandrews@example.net,346.733.3451,North Monique,22
863,Matthew,Patton,olivia42@example.org,888.675.7236,Masseyton,67
864,Cole,Navarro,cohenamanda@example.net,+1-732-622-3501x9998,West Adriana,58
865,Daniel,Ray,prestonjames@example.org,685.643.8051,Anthonymouth,22
866,Kathryn,Wilson,amanda40@example.com,+1-883-805-1700,New Joe,65
867,Erica,Wilson,xscott@example.net,712.854.4105x95949,Newmanland,59
868,Felicia,Stewart,leslie60@example.com,+1-538-779-5179x54366,Andrewville,67
869,Audrey,Hall,tdavis@example.org,295-748-6595x870,Ethanview,61
870,Catherine,Lara,angelabeck@example.org,373.450.6445x87998,Stevenmouth,65
871,Louis,Fleming,awarner@example.com,+1-647-552-1377x7254,North Shirleyland,72
872,Sarah,Wang,juanatkinson@example.com,804.858.5435,Bauerborough,39
873,Lindsey,Simpson,jriley@example.org,713-320-6318x267,Lake Christopher,20
874,Brian,Evans,jacobsonjonathan@example.com,898-665-8318,Woodsport,24
875,Ashlee,Ray,christopher29@example.com,835-655-4790,Kerriborough,34
876,Ryan,Blanchard,randy79@example.net,909-725-9897,Port Samuel,33
877,Elijah,Morris,iswanson@example.org,872.724.8569x6651,Leeside,19
878,Amy,Moore,ifisher@example.org,(202)624-8586x4437,Geraldport,30
879,Caleb,Phillips,jennifer98@example.com,(781)451-8215,Danaburgh,71
880,Donald,Henry,smithkathleen@example.org,954-224-5082,Greenefurt,60
881,Angelica,Garrison,dholden@example.org,813-219-8840x27696,Meyershire,63
882,Jacqueline,King,robertgraham@example.net,549.693.6741,Delgadoside,61
883,Richard,Schroeder,jonesjames@example.net,209.919.0186,Simmonsmouth,75
884,Gabriel,Osborn,hpena@example.org,+1-673-832-7818x65857,Theresaburgh,73
885,Charles,Bates,dmcknight@example.com,5068835483,Charlesborough,60
886,Michelle,Hubbard,ijohnson@example.net,001-414-995-7134x492,West Alexandra,23
887,Angela,Deleon,huangnicole@example.org,991.554.2868,Ewingshire,29
888,Maria,Wilson,opearson@example.com,(321)427-6003x8576,West Aaron,50
889,Alexandra,Parker,mcintoshvalerie@example.org,(758)248-3086,Port Davidview,46
890,Bobby,Callahan,dunlaplaura@example.org,(593)370-3535,East Michael,74
891,James,Rodriguez,williammartin@example.com,348-890-7521,Dianemouth,66
892,Barry,Malone,john39@example.org,253.317.0761x4421,North Kristen,48
893,Troy,Martin,randall16@example.org,001-407-308-8799x787,Port Dustin,48
894,Eric,Thompson,matthewlewis@example.com,581.245.5268x91116,Emilyland,61
895,Joanne,Baker,danielle90@example.org,+1-201-860-2508,Briannamouth,30
896,Justin,Smith,bakeryolanda@example.com,715-483-8053x5697,New Shawn,51
897,Micheal,Turner,watkinsdustin@example.com,2057780992,Jacobsonton,75
898,Kaitlin,Beasley,tparker@example.net,940.907.7354,Lake Courtney,46
899,Jessica,Davis,waltoncharles@example.com,219-485-1012x036,Gibbsport,72
900,Alexis,Stone,brandonbartlett@example.org,001-707-650-1543x71442,Lake Tinatown,51
901,Timothy,Campos,hoodcorey@example.org,934.421.7541,Williamsonfurt,25
902,Mary,Freeman,logan44@example.org,001-438-982-9483,Williamshire,31
903,Virginia,King,john00@example.net,+1-806-419-0061x0783,Jenniferchester,76
904,Nathan,Oconnor,pbryant@example.com,(673)342-5858x0918,East David,66
905,Steven,Oliver,hollandalyssa@example.org,726.537.1054,East Alyssa,63
906,John,Fowler,anthony60@example.net,001-938-572-0225x92312,Christophertown,48
907,Sarah,Woods,vmorris@example.org,+1-539-312-0317x02062,Murphymouth,54
908,Tony,Martin,victoriasutton@example.com,217.355.1828,Lake Sharon,62
909,Jeffrey,Lucas,thomas91@example.net,(224)303-1904x10145,Rushmouth,64
910,Manuel,Jones,wmolina@example.net,700-304-2811x736,East Jeffreyville,61
911,Angela,Harrison,mary91@example.org,+1-663-813-1907x1378,Port Charles,66
912,Dustin,Giles,ryanraymond@example.com,2244558293,South Julieview,80
913,Kristen,Rose,phillip79@example.org,001-268-605-8496x821,Catherinefurt,50
914,Thomas,Johnson,ukemp@example.net,8425272096,Elizabethbury,51
915,Elizabeth,Bennett,egray@example.net,571-460-7430x534,Nathanville,54
916,Rhonda,Grant,glennwilliams@example.org,+1-634-437-6578x3043,New David,76
917,Monica,Donaldson,christianbutler@example.com,(809)550-5164x56885,South Amy,74
918,Cody,Graham,justin08@example.net,001-981-329-5138x717,South Ericfort,31
919,Lee,Cain,michael05@example.net,+1-790-365-0511x1206,Patelchester,49
920,Lori,Nguyen,vwaters@example.com,531.493.9765x872,West Matthewfort,76
921,Karen,Smith,ohall@example.net,+1-634-511-9119x2004,Joanborough,23
922,Brett,Rivera,richardbullock@example.com,5824838168,Porterbury,71
923,Michael,Keith,jeffreyrobinson@example.org,859.437.6190x37058,New Dennisborough,64
924,William,Becker,walter98@example.com,+1-205-875-2018x571,New Peter,78
925,Catherine,Wright,connie38@example.org,001-347-826-4595x4122,Port Donaldfurt,61
926,Brandon,Newton,kingtanner@example.com,982-728-2655,Paynebury,24
927,Jeremy,Weber,msimpson@example.org,572-255-7850x361,Port Trevorside,20
928,Crystal,Strickland,wardmelody@example.com,641.826.4188x820,Lake Brian,22
929,Melissa,Walker,jenniferjohnson@example.com,(325)351-9648x51296,Williamsfurt,80
930,Amy,Williams,perezshannon@example.net,001-484-301-1238x073,Jenniferton,52
931,Noah,Herring,christopher34@example.net,5093416804,Evansfort,53
932,George,Obrien,xlong@example.org,(888)616-6873,South Chadburgh,78
933,Christina,Osborn,brownmegan@example.com,478-538-9258x630,East Jonathanton,75
934,Julie,Walker,qhernandez@example.net,607-422-7926,Port Cynthia,33
935,Scott,Dudley,sarah17@example.org,001-451-680-6959x53912,East Nicolehaven,40
936,Tiffany,Parker,jacobbright@example.com,2977789566,Juarezhaven,76
937,Stephanie,Woods,matthew05@example.com,323-461-3855x534,North Steven,63
938,Sherry,Gonzales,anna38@example.org,(812)803-4661x282,Jordanfort,43
939,Jerry,Ashley,carla67@example.com,001-439-808-0925x06182,New Brian,36
940,Brandon,Gray,ftorres@example.org,(491)815-2567x18177,Josephland,59
941,Holly,Hinton,hhutchinson@example.org,(644)290-9819x85849,Karenfurt,80
942,Edward,Perez,sandramueller@example.net,597.402.7624x412,North Christopherfort,79
943,Julia,Watkins,marc18@example.org,651-809-2614x2299,New Cheryl,25
944,Jennifer,Robertson,vmartin@example.net,(832)499-4490,East Carlaside,32
945,Anthony,Hughes,tammymay@example.org,7488731280,North Patriciaside,22
946,Shannon,Patterson,benjamin01@example.net,+1-659-869-5135,Alexandershire,69
947,Michael,Torres,hortonvanessa@example.net,362-736-7206,South Donna,63
948,Mark,Meyers,nbrooks@example.net,+1-361-365-3438,Weaverview,75
949,Adam,Spears,haynescurtis@example.org,(799)428-5754x85622,Deborahville,51
950,Elizabeth,Turner,cristinahale@example.org,401-519-3086x969,Donovanfort,51
951,Juan,Morton,destinyburton@example.net,648.833.6039,Heathershire,80
952,Pamela,Wright,danieltyrone@example.net,+1-477-629-0090,Baileystad,64
953,Randall,Mendez,jacqueline06@example.net,616.799.9990,North Mark,43
954,Lori,Bright,jdavidson@example.net,(901)807-7638,East Katherine,38
955,James,Jones,cindymcclain@example.net,844-279-5918,Johnsonmouth,46
956,Abigail,Howard,svargas@example.net,+1-422-398-3937x043,Ericaton,25
957,Mary,Welch,brandonadams@example.net,+1-504-501-8710,Port Peggyview,43
958,Sarah,Maldonado,mirandapaul@example.org,355.385.3582x864,Christinaberg,52
959,Nancy,Chavez,nnicholson@example.com,350.405.8841x31437,Jerryview,20
960,Mark,Ramirez,benjamin70@example.org,(579)400-7781x4898,Camachofort,36
961,Bryan,Avery,laura73@example.net,942.897.5956,Scottstad,58
962,Eddie,Patterson,thompsonbrianna@example.net,(612)889-0689x265,Lindseyborough,64
963,Joshua,Vazquez,grant75@example.com,(779)479-3782x8700,Krauseshire,57
964,Kimberly,Jones,goldenjustin@example.com,001-920-829-8714x373,Justinview,47
965,Mark,Durham,sarah78@example.org,001-681-669-2255x2594,Larrybury,78
966,Shari,Fox,mindy88@example.com,686-316-1497,Mooreburgh,34
967,Jason,Fletcher,ucombs@example.com,(277)989-7148,South Karenview,80
968,Jennifer,Johnston,ytran@example.com,973-697-7097x2485,North Kayla,77
969,Michael,Rodgers,rodriguezcharles@example.org,(308)847-8496x7404,Wendyview,75
970,Connor,Flores,aingram@example.com,584-686-5133,Hawkinsville,71
971,Albert,Francis,xjohnson@example.org,473-602-9015x5580,Justinborough,20
972,Laura,Thomas,montoyabenjamin@example.com,001-373-781-9423x78526,New Marymouth,67
973,Phillip,Barrett,sperez@example.com,591-848-3522x43845,East Ellen,65
974,Sue,Perez,rodriguezjustin@example.net,001-428-216-4985x71961,Port Amandastad,75
975,Ryan,Tran,jill92@example.net,001-997-576-2199x46984,Alimouth,18
976,Renee,Farrell,fsingh@example.org,(999)503-5593x87145,Lake Mark,55
977,Mark,Pugh,annette08@example.org,001-824-605-2301,Reneeborough,22
978,Kelly,Duran,tochoa@example.net,724.788.3285,Lake Rebecca,66
979,Brittney,Watson,shanewaller@example.net,+1-824-334-4157x45138,Stevenview,52
980,Brian,Michael,lorismith@example.net,+1-920-452-2383x7213,Stacymouth,27
981,Jennifer,Boyle,freemanjudith@example.net,001-518-484-3376x083,Amandamouth,45
982,Timothy,Russell,zacharyreyes@example.com,+1-753-863-2535x43764,North Cynthia,24
983,Joseph,Johns,pmcmahon@example.net,(502)748-0898,Beltranburgh,20
984,Samantha,Velasquez,schultzmichael@example.net,(980)796-7854,Port Tanya,69
985,Kimberly,Santos,dperry@example.com,499.740.4436x31054,North Douglasside,57
986,Marcus,Burton,stevensderrick@example.org,(336)549-8200,New Ricky,45
987,Michael,Lawson,jeffreyolson@example.net,001-919-654-4199x102,North Roberthaven,76
988,Chase,Baxter,dcollier@example.com,242-668-3370,Tylerborough,50
989,Eric,Kaiser,ymartinez@example.com,+1-775-662-2008x771,Christopherhaven,47
990,Robert,Smith,mark71@example.org,001-339-333-1748x220,New Michael,20
991,Frank,Butler,holiver@example.net,766.798.5227x665,New Jay,22
992,Haley,Reyes,sarahvelazquez@example.org,732-564-7118,Scottton,74
993,Brenda,Mcbride,lisa06@example.com,+1-755-901-0856x294,New Laurenville,60
994,Rachel,Baker,katherinelee@example.com,001-306-899-0467x660,Lake Mario,27
995,Angela,Johnson,chelseacervantes@example.net,+1-982-385-8246x063,West Karenberg,58
996,Laurie,Thompson,lpayne@example.com,001-420-951-2654x30356,Riosstad,56
997,Willie,Sawyer,ttaylor@example.com,719.911.3896,Robinsonview,40
998,Gabriel,Reed,david81@example.com,+1-403-220-7172,Barbaraville,29
999,Keith,Castro,anita62@example.org,929.428.8655x95491,Adamsstad,78
1000,Kelly,Edwards,kathrynarias@example.com,001-330-468-6365x6495,South Tanyaview,25
